slate_date,win_score,rank20_score,rank1_to_rank20_gap,perfect_score,our_score,sim_heuristic_score,gap_to_winner,gap_to_perfect,projection_loss,construction_loss_extra,proj_rmse,proj_bias,overlap_with_winner,chalk_picks,median_drafts,n_menu,n_with_score,our_pids,win_pids,perfect_pids,sim_pids,source,flag,ev,skip_reason
2026-05-27,59.01,54.85,4.159999999999997,73.74529873653542,55.436438978761544,55.436438978761544,3.5735610212384543,18.308859757773874,18.308859757773874,0.0,1.1947141590140422,-0.5183484760185764,0.0,1.0,294.5,34.0,34.0,"[4322744, 749, 4322900, 708, 700]","[679, 734, 636, 697, 303]","[636, 4322900, 708, 697, 700]","[4322744, 749, 4322900, 708, 700]",LIVE,skip,0.63556,
2026-05-28,53.13,49.91,3.220000000000006,60.209462266134,35.491832621633776,47.1646195822389,17.638167378366227,24.71762964450022,13.044842683895098,11.672786960605123,1.0958622429173115,0.5225996384566632,1.0,0.0,173.5,30.0,30.0,"[765, 657, 608, 4322862, 4322893]","[4322856, 184, 653, 759, 765]","[4322862, 4322797, 653, 759, 4322756]","[726, 4322862, 4322756, 765, 608]",LIVE,enter_with_caveat,1.0445200000000001,
2026-05-29,49.45,44.08,5.3700000000000045,60.888682260609585,49.31932412906529,49.31932412906529,0.13067587093470934,11.569358131544291,11.569358131544291,0.0,1.082977571418715,-0.31903499701236254,1.0,1.0,210.0,35.0,35.0,"[617, 638, 758, 4322863, 4322715]","[691, 738, 617, 622, 4322755]","[617, 622, 609, 4322863, 638]","[617, 638, 758, 4322863, 4322715]",LIVE,skip,0.6226,
2026-05-30,63.82,57.99,5.829999999999998,73.40719978326483,63.26792018627657,63.26792018627657,0.5520798137234308,10.13927959698826,10.13927959698826,0.0,1.102614347205978,-0.9771210872586028,1.0,0.0,195.0,33.0,33.0,"[599, 714, 739, 4322794, 4322756]","[599, 635, 687, 738, 762]","[687, 599, 682, 739, 635]","[599, 714, 739, 4322794, 4322756]",LIVE,skip,0.66732,
2026-06-01,51.14,45.13,6.009999999999998,68.80873737006566,50.77566660433217,50.77566660433217,0.36433339566782763,18.033070765733484,18.033070765733484,0.0,0.6462527178815399,-0.37307842270259867,0.0,0.0,206.5,28.0,28.0,"[765, 4322750, 4322855, 600, 4322792]","[654, 4322854, 4322738, 4322901, 4322904]","[4322753, 4322901, 654, 4322750, 765]","[765, 4322750, 4322855, 600, 4322792]",LIVE,enter,1.769,
2026-06-02,53.41,50.62,2.789999999999999,62.53206505097748,56.33061874672515,56.33061874672515,-2.920618746725154,6.201446304252329,6.201446304252329,0.0,0.6841072811413068,-0.6604064435593348,1.0,0.0,273.0,31.0,31.0,"[714, 708, 700, 4322864, 657]","[598, 701, 4322745, 714, 641]","[616, 641, 4322864, 657, 714]","[714, 708, 700, 4322864, 657]",LIVE,enter,2.5524,
2026-06-03,55.41,,,63.43418232905817,40.262500424603644,40.262500424603644,15.147499575396353,23.171681904454523,23.171681904454523,0.0,0.6440381522440475,0.09146801629673114,2.0,0.0,225.0,27.0,27.0,"[4322855, 4322794, 731, 758, 4322904]","[643, 4322855, 4322794, 647, 739]","[643, 647, 4322855, 668, 652]","[4322855, 4322794, 731, 758, 4322904]",LIVE,enter,1.4384000000000001,
2026-06-04,53.25,48.53,4.719999999999999,60.014862470031396,28.04736499462662,43.24174544178433,25.20263500537338,31.967497475404777,16.773117028247064,15.194380447157712,1.5254870735482324,0.5618936999703132,1.0,3.0,199.0,29.0,29.0,"[616, 4322797, 671, 657, 4322756]","[657, 4322854, 609, 366584, 603]","[4322854, 366584, 657, 626, 689]","[657, 4322793, 689, 4322862, 4322865]",LIVE,enter,1.5826,
2026-06-05,,,,,,,,,,,,,,,,,,,,,,LIVE,enter,2.2512,no menu/labels
2025-06-01,58.96,51.97,6.990000000000002,68.00288898696805,51.251815232810934,51.251815232810934,7.708184767189067,16.75107375415711,16.75107375415711,0.0,0.5838033006228645,-0.403831239881902,1.0,0.0,281.0,35.0,35.0,"[303, 757, 366584, 698, 604]","[650, 598, 172, 663, 698]","[172, 303, 698, 604, 4322748]","[303, 757, 366584, 698, 604]",SIM,sim,,
2025-06-07,58.63,44.69,13.940000000000005,61.82624598611132,41.83045921800362,41.83045921800362,16.799540781996384,19.9957867681077,19.9957867681077,0.0,1.1106010543231986,0.03415178625920938,1.0,1.0,337.0,31.0,31.0,"[712, 708, 604, 4322751, 725]","[641, 184, 712, 456, 631]","[712, 641, 184, 734, 604]","[712, 708, 604, 4322751, 725]",SIM,sim,,
2025-06-11,72.69,62.72,9.969999999999999,80.36199129169677,41.81462704914877,41.81462704914877,30.87537295085123,38.547364242548,38.547364242548,0.0,1.9291240872873905,0.11170946274757583,1.0,1.0,174.0,29.0,29.0,"[336, 723, 4322748, 603, 713]","[753, 723, 738, 597, 4322740]","[723, 597, 4322740, 622, 373]","[336, 723, 4322748, 603, 713]",SIM,sim,,
2025-06-17,53.31,48.95,4.359999999999999,72.00506087170687,62.12291831254733,62.12291831254733,-8.812918312547325,9.882142559159547,9.882142559159547,0.0,1.0823932015218858,-0.8732663718248939,1.0,0.0,233.0,36.0,36.0,"[4322755, 689, 600, 615, 603]","[637, 711, 712, 723, 4322755]","[4322755, 637, 679, 600, 615]","[4322755, 689, 600, 615, 603]",SIM,sim,,
2025-06-21,47.56,,,55.662776589836376,45.83596422192909,45.83596422192909,1.7240357780709132,9.826812367907287,9.826812367907287,0.0,0.8244862599835396,-0.16500308087341398,3.0,0.0,322.0,29.0,29.0,"[8, 700, 741, 725, 673]","[670, 8, 736, 725, 673]","[8, 670, 700, 654, 660]","[8, 700, 741, 725, 673]",SIM,sim,,
2025-06-26,53.2,45.49,7.710000000000001,51.48859948697314,42.988078930941725,42.988078930941725,10.211921069058278,8.500520556031418,8.500520556031418,0.0,0.9581005594334558,0.012176333584278831,2.0,1.0,310.0,25.0,25.0,"[729, 4322761, 698, 671, 683]","[698, 4322741, 4322761, 665, 685]","[4322761, 698, 4322741, 671, 596]","[729, 4322761, 698, 671, 683]",SIM,sim,,
2025-07-01,40.77,37.92,2.8500000000000014,41.29273032043032,19.511319839387678,19.511319839387678,21.258680160612325,21.781410481042645,21.781410481042645,0.0,1.4537221980964967,1.0760896857584945,1.0,1.0,248.0,17.0,17.0,"[8, 671, 4322756, 661, 699]","[658, 627, 671, 653, 760]","[671, 760, 627, 658, 653]","[8, 671, 4322756, 661, 699]",SIM,sim,,
2025-07-07,69.45,62.68,6.770000000000003,78.87800085552863,64.28917102199142,64.28917102199142,5.160828978008581,14.588829833537204,14.588829833537204,0.0,1.3463310332520386,-0.9419533072897682,2.0,0.0,269.0,25.0,25.0,"[689, 733, 668, 4322766, 604]","[4322740, 745, 733, 668, 736]","[736, 733, 617, 4322766, 712]","[689, 733, 668, 4322766, 604]",SIM,sim,,
2025-07-11,52.66,45.35,7.309999999999995,60.896694337076205,36.968564186359124,36.968564186359124,15.691435813640872,23.92813015071708,23.92813015071708,0.0,1.2298830188941685,0.2684890525370429,1.0,1.0,187.0,25.0,25.0,"[671, 744, 563, 4322742, 4322756]","[627, 734, 616, 606, 671]","[606, 671, 626, 749, 735]","[671, 744, 563, 4322742, 4322756]",SIM,sim,,
2025-07-15,56.96,52.19,4.770000000000003,57.661712240560135,47.996676566082996,47.996676566082996,8.963323433917004,9.665035674477139,9.665035674477139,0.0,0.5612826916120722,-0.25861614878344225,2.0,0.0,330.0,23.0,23.0,"[744, 671, 4322745, 713, 714]","[691, 611, 760, 744, 713]","[760, 713, 744, 718, 671]","[744, 671, 4322745, 713, 714]",SIM,sim,,
2025-07-24,55.07,49.23,5.840000000000003,67.96171526328337,57.45818620627114,57.45818620627114,-2.3881862062711363,10.50352905701223,10.50352905701223,0.0,1.207090443127407,-0.6385975934116075,2.0,1.0,187.5,28.0,28.0,"[713, 671, 741, 4322742, 710]","[611, 760, 602, 671, 713]","[4322742, 760, 713, 596, 710]","[713, 671, 741, 4322742, 710]",SIM,sim,,
2025-07-28,54.31,49.23,5.080000000000005,62.29949783810377,43.84050422716069,43.84050422716069,10.46949577283931,18.458993610943075,18.458993610943075,0.0,0.6534245537580431,-0.045431648993082475,1.0,0.0,186.0,28.0,28.0,"[303, 724, 696, 719, 4322742]","[4322740, 738, 767, 336, 4322742]","[719, 767, 738, 734, 336]","[303, 724, 696, 719, 4322742]",SIM,sim,,
2025-08-01,60.67,52.78,7.890000000000001,68.14282989620608,56.98333289556987,56.98333289556987,3.6866671044301285,11.159497000636208,11.159497000636208,0.0,1.2511932732488438,-0.6648077159934169,3.0,2.0,176.0,34.0,34.0,"[563, 713, 725, 716, 604]","[741, 617, 716, 563, 725]","[563, 738, 708, 617, 725]","[563, 713, 725, 716, 604]",SIM,sim,,
2025-08-06,43.89,41.55,2.3400000000000034,44.05698311335687,24.17868820488999,24.17868820488999,19.71131179511001,19.87829490846688,19.87829490846688,0.0,1.2403911163933818,0.8446602823325753,2.0,1.0,133.0,20.0,20.0,"[762, 698, 399, 594, 604]","[598, 399, 629, 726, 762]","[399, 598, 629, 4322797, 762]","[762, 698, 399, 594, 604]",SIM,sim,,
2025-08-10,64.18,,,70.59441610406662,67.35254278826093,67.35254278826093,-3.1725427882609267,3.241873315805691,3.241873315805691,0.0,1.3166966121611512,-1.1647303521543455,2.0,1.0,117.0,35.0,35.0,"[4322742, 716, 698, 685, 687]","[598, 713, 617, 4322742, 716]","[716, 4322742, 4322746, 685, 754]","[4322742, 716, 698, 685, 687]",SIM,sim,,
2025-08-15,61.97,55.38,6.589999999999996,67.65568247371861,46.76134631063089,46.76134631063089,15.208653689369108,20.894336163087722,20.894336163087722,0.0,0.9487460311818081,-0.19125605937715395,1.0,0.0,176.0,34.0,34.0,"[4322766, 4322742, 687, 685, 4322749]","[598, 657, 671, 713, 687]","[713, 687, 602, 4322766, 614]","[4322766, 4322742, 687, 685, 4322749]",SIM,sim,,
2025-08-20,61.27,,,55.75031132357563,10.87968184081808,10.87968184081808,50.39031815918192,44.87062948275755,44.87062948275755,0.0,1.5113449511519725,1.4440404650392042,0.0,0.0,227.0,17.0,17.0,"[4322766, 4322750, 714, 661, 4322748]","[621, 4322740, 723, 765, 713]","[4322740, 723, 336, 765, 716]","[4322766, 4322750, 714, 661, 4322748]",SIM,sim,,
2025-08-24,64.48,58.06,6.420000000000002,72.2141624146546,59.91837808738334,59.91837808738334,4.5616219126166655,12.295784327271257,12.295784327271257,0.0,0.8153516319516092,-0.7811244049515643,0.0,0.0,278.0,31.0,31.0,"[8, 685, 399, 604, 316]","[738, 759, 691, 4322797, 4322742]","[738, 759, 4322742, 8, 685]","[8, 685, 399, 604, 316]",SIM,sim,,
2025-08-28,53.41,48.43,4.979999999999997,74.89892584960447,64.85459150023527,64.85459150023527,-11.444591500235276,10.044334349369194,10.044334349369194,0.0,1.1907012406384871,-0.9928303424384157,2.0,0.0,130.5,30.0,30.0,"[303, 696, 719, 725, 600]","[701, 705, 4322742, 303, 719]","[668, 719, 725, 696, 670]","[303, 696, 719, 725, 600]",SIM,sim,,
2025-09-01,56.6,51.68,4.920000000000002,63.430533604131554,27.739866017321273,27.739866017321273,28.86013398267873,35.69066758681028,35.69066758681028,0.0,1.045541600709217,0.6695806029305655,0.0,1.0,175.0,30.0,30.0,"[716, 714, 661, 710, 4322748]","[718, 616, 617, 689, 652]","[652, 617, 734, 718, 661]","[716, 714, 661, 710, 4322748]",SIM,sim,,
2025-09-05,60.41,54.85,5.559999999999995,67.37111082684706,25.380905014044476,25.380905014044476,35.029094985955524,41.990205812802586,41.990205812802586,0.0,1.1243233885402673,0.7670499355198073,0.0,1.0,285.0,30.0,30.0,"[4322755, 716, 700, 449, 719]","[616, 718, 705, 563, 613]","[616, 563, 647, 760, 4322755]","[4322755, 716, 700, 449, 719]",SIM,sim,,
2025-09-09,52.85,46.84,6.009999999999998,71.92364466256643,59.26545976033176,59.26545976033176,-6.415459760331757,12.658184902234673,12.658184902234673,0.0,1.3065230840475202,-0.7551212945720046,1.0,1.0,173.0,35.0,35.0,"[698, 716, 714, 8, 373]","[745, 758, 705, 4322797, 698]","[714, 4322797, 698, 399, 628]","[698, 716, 714, 8, 373]",SIM,sim,,
2025-09-16,46.05,,,46.9660382675106,25.13932782007244,25.13932782007244,20.910672179927555,21.826710447438156,21.826710447438156,0.0,0.9453974492177376,0.7617307476093825,0.0,0.0,161.0,28.0,28.0,"[4322755, 4322756, 699, 594, 603]","[598, 597, 734, 4322742, 629]","[4322742, 734, 738, 597, 629]","[4322755, 4322756, 699, 594, 603]",SIM,sim,,
2025-09-21,43.92,40.65,3.270000000000003,48.661142917865234,25.75714710489291,25.75714710489291,18.162852895107093,22.903995812972326,22.903995812972326,0.0,1.1001964298360447,0.7340793423475452,0.0,0.0,171.5,28.0,28.0,"[698, 8, 699, 456, 373]","[626, 660, 760, 654, 745]","[654, 698, 626, 172, 760]","[698, 8, 699, 456, 373]",SIM,sim,,
2025-09-30,56.83,,,52.88135377916506,11.483863036703546,11.483863036703546,45.34613696329645,41.397490742461514,41.397490742461514,0.0,1.5205528251943201,1.3942411023304064,0.0,0.0,161.0,18.0,18.0,"[698, 599, 699, 4322751, 4322756]","[598, 597, 602, 172, 760]","[597, 598, 172, 760, 599]","[698, 599, 699, 4322751, 4322756]",SIM,sim,,
2025-10-10,46.52,,,40.23883276664186,16.122208582026687,16.122208582026687,30.397791417973316,24.116624184615176,24.116624184615176,0.0,1.244974032573558,1.1481221720243773,0.0,0.0,147.0,19.0,19.0,"[698, 594, 373, 456, 599]","[598, 602, 597, 670, 4322738]","[602, 598, 670, 4322738, 599]","[698, 594, 373, 456, 599]",SIM,sim,,
2026-05-12,65.06,62.96,2.1000000000000014,66.92796772132824,49.771604459048106,49.771604459048106,15.288395540951896,17.156363262280138,17.156363262280138,0.0,1.2795647855278596,-0.2732940607952788,2.0,1.0,276.0,31.0,31.0,"[687, 670, 760, 4322792, 765]","[643, 606, 449, 670, 760]","[670, 606, 760, 663, 643]","[687, 670, 760, 4322792, 765]",SIM,sim,,
2026-05-17,57.85,,,68.00699033587492,60.77543300694732,60.77543300694732,-2.9254330069473156,7.2315573289276,7.2315573289276,0.0,0.9508857647790053,-0.8312875497229918,2.0,0.0,88.5,36.0,36.0,"[709, 652, 4322861, 4322755, 4322865]","[602, 685, 677, 4322861, 4322755]","[602, 4322755, 4322861, 679, 4322865]","[709, 652, 4322861, 4322755, 4322865]",SIM,sim,,
2026-05-21,57.9,46.61,11.29,67.88592937423867,60.61879414692027,60.61879414692027,-2.718794146920274,7.2671352273183984,7.2671352273183984,0.0,1.111566135477822,-0.7892547039449029,4.0,0.0,191.0,31.0,31.0,"[399, 563, 725, 682, 714]","[682, 563, 725, 639, 399]","[563, 725, 718, 682, 399]","[399, 563, 725, 682, 714]",SIM,sim,,
2026-05-25,40.6,38.3,2.3000000000000043,49.73301163157268,35.66579740375253,35.66579740375253,4.934202596247474,14.067214227820152,14.067214227820152,0.0,0.5735545194559778,0.32589320418443857,0.0,1.0,206.0,32.0,32.0,"[749, 4322872, 4322749, 336, 553]","[687, 643, 4322748, 303, 399]","[687, 643, 553, 615, 399]","[749, 4322872, 4322749, 336, 553]",SIM,sim,,
2026-05-28,53.13,49.91,3.220000000000006,60.209462266134,35.491832621633776,47.1646195822389,17.638167378366227,24.71762964450022,13.044842683895098,11.672786960605123,0.9948803806677137,0.3228731480718701,1.0,0.0,173.5,30.0,30.0,"[765, 657, 608, 4322862, 4322893]","[4322856, 184, 653, 759, 765]","[4322862, 4322797, 653, 759, 4322756]","[726, 4322862, 4322756, 765, 608]",LIVE_SCREENSHOT_528,enter_with_caveat,,
