slate_date,contest_id,missing_player_id,missing_display_name,winning_rank,winning_score,mult,mult_score
2025-05-18,582,611,T. Charles,7,44.9,1.2,6.15224724533574
2025-05-18,582,611,T. Charles,11,44.25,1.6,8.20299632711432
2025-05-18,582,611,T. Charles,14,43.94,1.4,7.177621786225029
2025-05-23,602,665,S. Sutton,1,65.25,4.8,7.6179559164999375
2025-05-27,617,611,T. Charles,1,60.84,2.8,11.255632373564374
2025-05-27,617,658,A. Smith,4,57.79,2.3,8.303504780321626
2025-05-27,617,658,A. Smith,5,57.33,2.3,8.303504780321626
2025-05-27,617,708,E. Williams,6,57.3,3.3,5.1314371316082505
2025-05-27,617,708,E. Williams,7,57.15,3.3,5.1314371316082505
2025-05-27,617,658,A. Smith,8,57.11,2.3,8.303504780321626
2025-05-27,617,658,A. Smith,9,56.44,2.5,9.025548674262637
2025-05-27,617,611,T. Charles,13,55.78,2.4,9.647684891626607
2025-05-27,617,697,M. Mabrey,16,55.34,3,5.516514496402186
2025-05-27,617,689,M. Hines-Allen,17,55.34,3.4,7.4494480269784775
2025-05-27,617,611,T. Charles,19,55.21,2.6,10.451658632595493
2025-05-27,617,611,T. Charles,20,55.17,2.6,10.451658632595493
2025-05-28,623,595,S. Colson,1,45.59,4.8,5.0431520179851335
2025-05-28,623,595,S. Colson,2,45.04,4.2,4.412758015736992
2025-05-28,623,665,S. Sutton,3,44.64,4.8,5.124537720290204
2025-05-28,623,595,S. Colson,3,44.64,4.6,4.8330206839024195
2025-05-28,623,665,S. Sutton,4,44.52,5,5.338060125302295
2025-05-28,623,665,S. Sutton,13,42.31,4.8,5.124537720290204
2025-05-28,623,595,S. Colson,15,42.22,4.4,4.622889349819706
2025-05-28,623,595,S. Colson,17,42.02,4.6,4.8330206839024195
2025-05-28,623,595,S. Colson,20,41.81,4.4,4.622889349819706
2025-05-30,628,626,K. Mitchell,6,58.19,2.3,4.594408716937653
2025-05-30,628,595,S. Colson,12,56.48,4.2,2.0541435541487827
2025-05-30,628,595,S. Colson,12,56.48,4.2,2.0541435541487827
2025-05-30,628,595,S. Colson,12,56.48,4.2,2.0541435541487827
2025-05-30,628,595,S. Colson,16,56.29,4.2,2.0541435541487827
2025-05-30,628,663,B. Carleton,18,55.76,3.3,5.786647706976614
2025-05-30,628,611,T. Charles,19,55.59,2.3,1.3660282915908548
2025-05-31,632,768,T. McCowan,6,55.21,2.8,2.137542755452668
2025-06-01,635,652,N. Hiedeman,4,54.79,3.5,6.741386013035219
2025-06-01,635,603,K. Stokes,4,54.79,4.2,4.045925439234549
2025-06-01,635,763,K. Brown,5,54.07,4.2,7.508731628646196
2025-06-01,635,428,K. Laksa,6,54.0,3.8,9.335179702116676
2025-06-01,635,428,K. Laksa,6,54.0,3.8,9.335179702116676
2025-06-01,635,735,E. Magbegor,10,53.06,2.8,7.100837676952506
2025-06-01,635,735,E. Magbegor,12,52.89,3,7.6080403681634
2025-06-01,635,735,E. Magbegor,14,52.58,3.2,8.115243059374293
2025-06-01,635,681,J. Vanloo,14,52.58,4.2,4.815964937291472
2025-06-01,635,4322797,J. Salaün,17,52.16,2.5,4.318855386493265
2025-06-01,635,647,L. Fiebich,17,52.16,3.0999999999999996,7.259160699889397
2025-06-01,635,735,E. Magbegor,18,52.1,2.8,7.100837676952506
2025-06-01,635,759,V. Burton,19,52.01,2.0999999999999996,6.696956847310884
2025-06-01,635,763,K. Brown,20,51.97,4.2,7.508731628646196
2025-06-03,637,629,N. Smith,8,48.69,3.2,4.165432893217916
2025-06-03,637,629,N. Smith,14,47.43,3.2,4.165432893217916
2025-06-03,637,724,L. Yueru,16,47.14,4.4,3.8948296253988306
2025-06-03,637,629,N. Smith,17,47.08,3.4000000000000004,4.425772449044036
2025-06-05,642,4322728,M. Musa,10,45.77,4.4,5.448333913696236
2025-06-05,642,763,K. Brown,10,45.77,4.2,6.311922022964935
2025-06-07,648,4322728,M. Musa,5,47.32,4.2,8.856367666443228
2025-06-07,648,4322738,M. Akoa Makani,12,45.44,3.0999999999999996,3.100658491535967
2025-06-07,648,628,T. Fágbénlé,20,44.69,2.1,2.4305246056087895
2025-06-08,651,665,S. Sutton,2,52.68,4.6,9.143552480755764
2025-06-08,651,611,T. Charles,15,48.54,2.4,6.475847844412412
2025-06-08,651,611,T. Charles,17,48.5,2.5999999999999996,7.015501831446779
2025-06-08,651,611,T. Charles,18,48.46,2.4,6.475847844412412
2025-06-09,653,681,J. Vanloo,1,53.11,4.4,9.556465943681381
2025-06-09,653,681,J. Vanloo,4,49.9,4.4,9.556465943681381
2025-06-09,653,681,J. Vanloo,15,47.76,4.2,9.122081128059499
2025-06-09,653,681,J. Vanloo,16,47.61,4.2,9.122081128059499
2025-06-15,670,687,E. Engstler,3,52.96,4.1,4.902750625542192
2025-06-15,670,683,A. Edwards,6,52.76,4.2,2.685224148315919
2025-06-15,670,611,T. Charles,7,52.67,3.1,8.850998284311059
2025-06-15,670,611,T. Charles,11,52.15,2.3,6.566869694811431
2025-06-17,675,723,R. Jackson,1,53.31,2.5999999999999996,5.089818444338569
2025-06-17,675,622,E. Wheeler,3,51.34,2.5,6.067861249050468
2025-06-17,675,652,N. Hiedeman,3,51.34,2.7,6.515437286109122
2025-06-17,675,762,C. Leite,6,50.75,3.6,5.625295444551637
2025-06-17,675,658,A. Smith,8,50.02,2.5,7.5849020057099645
2025-06-17,675,723,R. Jackson,8,50.02,2.8,5.481342940056921
2025-06-17,675,735,E. Magbegor,9,49.91,2.4,6.075249475113151
2025-06-17,675,753,D. Carrington,9,49.91,2.4,5.072387128084599
2025-06-17,675,622,E. Wheeler,10,49.72,2.3,5.58243234912643
2025-06-17,675,697,M. Mabrey,12,49.61,1.7999999999999998,2.320394486158059
2025-06-17,675,753,D. Carrington,13,49.45,2.4,5.072387128084599
2025-06-17,675,658,A. Smith,14,49.3,2.3,6.978109845253167
2025-06-18,676,428,K. Laksa,1,45.61,3.4000000000000004,4.8822738936671435
2025-06-18,676,36,B. Hartley,6,44.42,3.9,5.635323670324581
2025-06-18,676,36,B. Hartley,7,44.19,3.5,5.057341755419496
2025-06-18,676,36,B. Hartley,12,43.29,4.3,6.213305585229666
2025-06-18,676,4322728,M. Musa,15,43.13,4.4,3.7255968733732083
2025-06-18,676,428,K. Laksa,16,42.74,3.8000000000000003,5.456659057627984
2025-06-18,676,428,K. Laksa,17,42.37,3.8000000000000003,5.456659057627984
2025-06-19,680,428,K. Laksa,1,47.99,4,9.356003321413654
2025-06-19,680,373,K. Westbeld,1,47.99,3,3.35294792322177
2025-06-19,680,428,K. Laksa,2,47.74,3.6,8.420402989272288
2025-06-19,680,428,K. Laksa,4,46.59,3.8000000000000003,8.888203155342973
2025-06-19,680,635,K. Burke,6,46.53,3.4000000000000004,3.8957336504506377
2025-06-19,680,428,K. Laksa,8,46.17,4,9.356003321413654
2025-06-19,680,428,K. Laksa,11,44.88,3.8000000000000003,8.888203155342973
2025-06-19,680,428,K. Laksa,13,44.7,4,9.356003321413654
2025-06-19,680,428,K. Laksa,14,44.58,3.4000000000000004,7.952602823201607
2025-06-20,681,611,T. Charles,1,57.95,2.6,10.136271682507948
2025-06-20,681,749,O. Nelson-Ododa,3,56.82,3.3,6.182113099403919
2025-06-20,681,749,O. Nelson-Ododa,7,55.47,2.9,5.4327660570519285
2025-06-20,681,749,O. Nelson-Ododa,10,54.85,3.1,5.807439578227925
2025-06-20,681,689,M. Hines-Allen,10,54.85,3.4,3.633641335407871
2025-06-20,681,749,O. Nelson-Ododa,11,54.8,3.3,6.182113099403919
2025-06-20,681,689,M. Hines-Allen,11,54.8,3.6,3.84738494337304
2025-06-20,681,611,T. Charles,11,54.8,2.4,9.356558476161181
2025-06-20,681,749,O. Nelson-Ododa,14,54.43,2.7,5.058092535875934
2025-06-22,685,36,B. Hartley,2,56.0,4.2,5.494761648772892
2025-06-22,685,671,S. Cunningham,6,55.18,4.2,3.5757960000000004
2025-06-22,685,712,M. Billings,7,55.16,3.1,4.413507208067835
2025-06-22,685,754,B. Jones,9,54.17,2,5.291444375269551
2025-06-22,685,611,T. Charles,12,52.24,2.3,3.559606146714886
2025-06-22,685,615,L. Amihere,16,51.18,2.5,5.09266103780074
2025-06-22,685,399,K. Charles,16,51.18,4.2,8.262913438809719
2025-06-22,685,760,N. Howard,19,50.99,2.5,2.7207918664215214
2025-06-22,685,622,E. Wheeler,20,50.9,2.4,3.836814304760111
2025-06-24,689,682,A. Atkins,5,53.41,2.2,5.606059239775632
2025-06-24,689,8,M. Kliundikova,13,51.15,3.1,4.428991657129836
2025-06-24,689,629,N. Smith,14,51.01,3.4000000000000004,4.779681080699668
2025-06-25,692,611,T. Charles,13,48.1,2.2,4.3814374029898175
2025-06-25,692,611,T. Charles,18,47.99,2.6,5.178062385351602
2025-06-26,693,665,S. Sutton,1,53.2,4.1,12.72171831091057
2025-06-26,693,665,S. Sutton,2,50.0,4.300000000000001,13.342289935833039
2025-06-26,693,665,S. Sutton,3,49.88,3.9000000000000004,12.101146685988104
2025-06-26,693,665,S. Sutton,4,49.07,4.1,12.72171831091057
2025-06-26,693,665,S. Sutton,5,48.67,3.9000000000000004,12.101146685988104
2025-06-26,693,665,S. Sutton,6,48.21,4.300000000000001,13.342289935833039
2025-06-26,693,665,S. Sutton,7,48.19,4.1,12.72171831091057
2025-06-26,693,665,S. Sutton,8,47.93,3.9000000000000004,12.101146685988104
2025-06-26,693,665,S. Sutton,9,47.47,4.1,12.72171831091057
2025-06-26,693,665,S. Sutton,10,47.19,4.5,13.962861560755503
2025-06-26,693,665,S. Sutton,11,47.09,4.7,14.58343318567797
2025-06-26,693,665,S. Sutton,13,46.73,4.7,14.58343318567797
2025-06-26,693,665,S. Sutton,14,46.58,4.7,14.58343318567797
2025-06-26,693,665,S. Sutton,15,46.44,4.7,14.58343318567797
2025-06-26,693,665,S. Sutton,16,46.16,4.1,12.72171831091057
2025-06-26,693,665,S. Sutton,17,45.86,4.5,13.962861560755503
2025-06-26,693,665,S. Sutton,18,45.73,4.300000000000001,13.342289935833039
2025-06-26,693,665,S. Sutton,19,45.63,4.5,13.962861560755503
2025-06-26,693,594,K. Bell,19,45.63,4.2,0
2025-06-27,696,428,K. Laksa,1,57.84,3.9000000000000004,7.244329342547733
2025-06-27,696,600,A. Clark,2,54.29,4.2,2.8237524625903974
2025-06-27,696,664,B. Griner,4,54.08,3.0999999999999996,8.47962988203426
2025-06-27,696,735,E. Magbegor,9,52.87,3,10.258070903441784
2025-06-27,696,664,B. Griner,9,52.87,3.3,9.026702777649374
2025-06-27,696,629,N. Smith,12,52.31,3.6,6.120744096628564
2025-06-27,696,4322766,J. Quinerly,12,52.31,4.2,5.212662745235483
2025-06-27,696,629,N. Smith,15,51.95,3.4000000000000004,5.780702757926978
2025-06-27,696,660,K. McBride,18,51.65,2,4.412700424669788
2025-06-28,697,665,S. Sutton,1,50.1,3.5999999999999996,7.218360833085365
2025-06-28,697,665,S. Sutton,3,49.15,3.5999999999999996,7.218360833085365
2025-06-28,697,665,S. Sutton,4,48.7,4,8.020400925650407
2025-06-28,697,665,S. Sutton,5,48.23,3.8,7.619380879367886
2025-06-28,697,665,S. Sutton,6,48.1,4.2,8.421420971932926
2025-06-28,697,665,S. Sutton,7,47.89,4,8.020400925650407
2025-06-28,697,665,S. Sutton,8,47.79,3.8,7.619380879367886
2025-06-28,697,665,S. Sutton,9,47.33,4,8.020400925650407
2025-06-28,697,665,S. Sutton,9,47.33,4,8.020400925650407
2025-06-28,697,665,S. Sutton,11,47.32,4.4,8.822441018215448
2025-06-29,700,263,S. Peddy,2,56.89,4.1,5.802180407737504
2025-06-29,700,303,M. Johannes,3,56.67,3.7,4.223073291403286
2025-06-29,700,736,S. Whitcomb,11,54.3,2.9,7.0588293121858765
2025-06-29,700,736,S. Whitcomb,11,54.3,2.9,7.0588293121858765
2025-06-29,700,736,S. Whitcomb,11,54.3,2.9,7.0588293121858765
2025-06-29,700,636,N. Sabally,15,54.05,3,1.9473737301656608
2025-06-29,700,636,N. Sabally,17,53.69,3.2,2.0771986455100384
2025-06-29,700,636,N. Sabally,17,53.69,3.2,2.0771986455100384
2025-07-01,703,717,A. McDonald,15,38.5,2.6,5.74689349934462
2025-07-01,703,717,A. McDonald,19,37.99,2.2,4.862756037906986
2025-07-03,706,713,J. Allemand,2,81.18,4.2,7.7628141448180745
2025-07-07,713,763,K. Brown,4,68.32,4.6,12.75934807760431
2025-07-07,713,768,T. McCowan,4,68.32,3.4000000000000004,7.0529049319099375
2025-07-07,713,763,K. Brown,5,67.28,4.6,12.75934807760431
2025-07-07,713,763,K. Brown,6,66.4,4.8,13.314102341847976
2025-07-07,713,768,T. McCowan,6,66.4,3.4000000000000004,7.0529049319099375
2025-07-07,713,763,K. Brown,6,66.4,4.8,13.314102341847976
2025-07-07,713,768,T. McCowan,6,66.4,3.4000000000000004,7.0529049319099375
2025-07-07,713,763,K. Brown,14,63.71,4.8,13.314102341847976
2025-07-07,713,763,K. Brown,17,63.34,5,13.868856606091642
2025-07-07,713,768,T. McCowan,17,63.34,3.8000000000000003,7.882658453311106
2025-07-09,717,700,M. Onyenwere,2,80.73,4.2,4.470745721904141
2025-07-09,717,36,B. Hartley,5,77.22,3.8,12.213596406781914
2025-07-09,717,700,M. Onyenwere,6,76.57,4.8,5.109423682176161
2025-07-09,717,700,M. Onyenwere,7,76.51,4.6,4.896531028752154
2025-07-09,717,336,L. Geiselsöder,8,76.23,3.7,2.8236981372439125
2025-07-09,717,700,M. Onyenwere,9,75.97,5,5.322316335600168
2025-07-09,717,336,L. Geiselsöder,12,74.31,3.3,2.518433473758084
2025-07-09,717,689,M. Hines-Allen,13,73.4,3.2,5.264504125252311
2025-07-09,717,700,M. Onyenwere,17,71.65,5,5.322316335600168
2025-07-09,717,763,K. Brown,18,71.61,4.2,1.7717129894536283
2025-07-10,719,665,S. Sutton,1,42.88,3.9,5.979312949815522
2025-07-10,719,665,S. Sutton,14,41.44,3.5,5.366050083167777
2025-07-10,719,665,S. Sutton,14,41.44,3.5,5.366050083167777
2025-07-11,720,36,B. Hartley,6,50.85,3.4000000000000004,2.0667477686664255
2025-07-11,720,717,A. McDonald,7,50.23,2.5,3.6470245349230797
2025-07-11,720,4322745,A. Morrow,9,48.85,3.6,2.10814849354968
2025-07-11,720,611,T. Charles,18,45.72,2.3,5.621386424772456
2025-07-13,725,36,B. Hartley,2,69.48,4.1,17.09231203665794
2025-07-13,725,336,L. Geiselsöder,2,69.48,3.9,6.582208040326375
2025-07-13,725,36,B. Hartley,3,69.42,4.1,17.09231203665794
2025-07-13,725,36,B. Hartley,4,68.52,4.1,17.09231203665794
2025-07-13,725,36,B. Hartley,5,68.37,3.9,16.258540717796578
2025-07-13,725,36,B. Hartley,6,68.3,3.9,16.258540717796578
2025-07-13,725,36,B. Hartley,7,67.8,4.1,17.09231203665794
2025-07-13,725,36,B. Hartley,8,67.54,4.1,17.09231203665794
2025-07-13,725,36,B. Hartley,9,67.41,4.1,17.09231203665794
2025-07-13,725,36,B. Hartley,10,67.28,4.1,17.09231203665794
2025-07-13,725,36,B. Hartley,10,67.28,4.1,17.09231203665794
2025-07-13,725,36,B. Hartley,10,67.28,4.1,17.09231203665794
2025-07-13,725,36,B. Hartley,10,67.28,4.1,17.09231203665794
2025-07-13,725,36,B. Hartley,10,67.28,4.1,17.09231203665794
2025-07-13,725,36,B. Hartley,10,67.28,4.1,17.09231203665794
2025-07-13,725,36,B. Hartley,10,67.28,4.1,17.09231203665794
2025-07-13,725,36,B. Hartley,10,67.28,4.1,17.09231203665794
2025-07-13,725,36,B. Hartley,10,67.28,4.1,17.09231203665794
2025-07-13,725,36,B. Hartley,10,67.28,4.1,17.09231203665794
2025-07-13,725,36,B. Hartley,10,67.28,4.1,17.09231203665794
2025-07-15,727,611,T. Charles,1,56.96,2.9000000000000004,12.55435273682287
2025-07-15,727,611,T. Charles,2,56.46,2.9000000000000004,12.55435273682287
2025-07-15,727,611,T. Charles,4,54.17,2.5,10.822717876571437
2025-07-15,727,611,T. Charles,5,53.71,2.7,11.688535306697153
2025-07-15,727,611,T. Charles,7,53.4,2.9000000000000004,12.55435273682287
2025-07-15,727,665,S. Sutton,7,53.4,3.8,8.509156349113313
2025-07-15,727,36,B. Hartley,8,53.12,3.8,6.166368540163511
2025-07-15,727,611,T. Charles,9,52.95,3.1,13.420170166948582
2025-07-15,727,611,T. Charles,10,52.83,2.9000000000000004,12.55435273682287
2025-07-15,727,36,B. Hartley,16,52.54,3.4,5.517277114883141
2025-07-15,727,611,T. Charles,18,52.31,3.1,13.420170166948582
2025-07-15,727,611,T. Charles,19,52.27,3.1,13.420170166948582
2025-07-15,727,36,B. Hartley,19,52.27,3.4,5.517277114883141
2025-07-15,727,611,T. Charles,20,52.19,2.9000000000000004,12.55435273682287
2025-07-16,728,629,N. Smith,3,60.6,3.8000000000000003,7.533445974521745
2025-07-16,728,612,H. Jones,3,60.6,4.2,9.974288049709616
2025-07-16,728,726,J. Loyd,4,57.8,2.5,6.559751405818214
2025-07-16,728,629,N. Smith,5,55.42,4,7.92994313107552
2025-07-16,728,735,E. Magbegor,6,53.9,2.6,4.476848244971712
2025-07-16,728,767,A. Ogunbowale,8,52.5,2.0999999999999996,4.573971427499614
2025-07-16,728,726,J. Loyd,10,52.22,2.7,7.084531518283671
2025-07-16,728,689,M. Hines-Allen,10,52.22,3.3,4.2396150093620815
2025-07-16,728,647,L. Fiebich,11,51.93,3.1,4.690661347547474
2025-07-16,728,629,N. Smith,11,51.93,3.6,7.136948817967968
2025-07-16,728,612,H. Jones,13,51.55,4.8,11.399186342525274
2025-07-16,728,726,J. Loyd,13,51.55,2.7,7.084531518283671
2025-07-16,728,631,L. Hull,14,51.08,3.0999999999999996,4.748271832542821
2025-07-16,728,689,M. Hines-Allen,16,50.81,3.5,4.496561373565844
2025-07-16,728,629,N. Smith,18,50.35,4.2,8.326440287629296
2025-07-16,728,647,L. Fiebich,20,50.04,3.3,4.993284660292471
2025-07-22,734,612,H. Jones,8,46.29,4.2,15.230968116188611
2025-07-22,734,683,A. Edwards,9,45.53,4.6,4.021802489551055
2025-07-22,734,629,N. Smith,9,45.53,3.6,6.952052129510175
2025-07-22,734,612,H. Jones,9,45.53,4.2,15.230968116188611
2025-07-22,734,760,N. Howard,19,45.04,2.7,6.261658086719636
2025-07-23,736,684,S. Walker-Kimbrough,3,47.75,4.6,11.498108939202595
2025-07-23,736,684,S. Walker-Kimbrough,13,43.95,4.2,10.498273379271936
2025-07-23,736,684,S. Walker-Kimbrough,13,43.95,4.2,10.498273379271936
2025-07-24,739,611,T. Charles,1,55.07,3,14.062613345626021
2025-07-24,739,611,T. Charles,2,53.77,3,14.062613345626021
2025-07-24,739,744,L. Lacan,2,53.77,3.0999999999999996,5.502415992176237
2025-07-24,739,611,T. Charles,3,53.55,2.6,12.187598232875885
2025-07-24,739,611,T. Charles,4,52.41,2.6,12.187598232875885
2025-07-24,739,611,T. Charles,5,51.21,2.6,12.187598232875885
2025-07-24,739,611,T. Charles,6,51.21,2.2,10.31258312012575
2025-07-24,739,611,T. Charles,7,51.14,2.2,10.31258312012575
2025-07-24,739,611,T. Charles,8,50.8,2.4,11.250090676500816
2025-07-24,739,4322746,S. Rivers,9,50.68,3.1,2.8616681226206793
2025-07-24,739,611,T. Charles,9,50.68,2.2,10.31258312012575
2025-07-24,739,611,T. Charles,10,50.61,3,14.062613345626021
2025-07-24,739,611,T. Charles,11,50.16,3,14.062613345626021
2025-07-24,739,611,T. Charles,12,50.0,2.4,11.250090676500816
2025-07-24,739,611,T. Charles,13,49.98,2.6,12.187598232875885
2025-07-24,739,611,T. Charles,14,49.79,2.2,10.31258312012575
2025-07-24,739,611,T. Charles,15,49.63,2.4,11.250090676500816
2025-07-24,739,611,T. Charles,16,49.6,2.6,12.187598232875885
2025-07-24,739,611,T. Charles,17,49.56,3,14.062613345626021
2025-07-24,739,611,T. Charles,18,49.47,2.4,11.250090676500816
2025-07-24,739,611,T. Charles,19,49.42,2.6,12.187598232875885
2025-07-24,739,611,T. Charles,20,49.23,3,14.062613345626021
2025-07-25,740,612,H. Jones,1,46.16,4.7,9.95914378212584
2025-07-25,740,612,H. Jones,2,45.39,4.1,8.687763724833179
2025-07-25,740,612,H. Jones,3,44.36,4.5,9.535350429694954
2025-07-25,740,612,H. Jones,5,44.24,4.3,9.111557077264067
2025-07-25,740,612,H. Jones,8,43.92,4.1,8.687763724833179
2025-07-25,740,612,H. Jones,9,43.87,4.1,8.687763724833179
2025-07-25,740,612,H. Jones,10,43.74,4.3,9.111557077264067
2025-07-25,740,612,H. Jones,18,42.75,4.5,9.535350429694954
2025-07-26,742,665,S. Sutton,9,53.04,3.5,5.965656412469832
2025-07-26,742,665,S. Sutton,19,51.32,3.9,6.647445716752098
2025-07-26,742,665,S. Sutton,20,51.26,3.6999999999999997,6.306551064610964
2025-07-27,745,611,T. Charles,3,63.16,2.3,9.80633417340428
2025-07-27,745,611,T. Charles,14,61.64,2.1,8.953609462673475
2025-07-27,745,611,T. Charles,14,61.64,2.1,8.953609462673475
2025-07-27,745,611,T. Charles,20,60.83,2.3,9.80633417340428
2025-07-28,746,36,B. Hartley,2,52.13,3.0999999999999996,6.805204790243073
2025-07-28,746,36,B. Hartley,10,50.34,3.3,7.244250260581335
2025-07-28,746,611,T. Charles,10,50.34,2,3.705193081797936
2025-07-28,746,36,B. Hartley,12,49.96,3.0999999999999996,6.805204790243073
2025-07-30,751,303,M. Johannes,1,63.91,4.1,8.029927263925197
2025-07-30,751,717,A. McDonald,3,58.85,2.9000000000000004,12.272166379335546
2025-07-30,751,612,H. Jones,4,57.53,4.1,10.394365143709381
2025-07-30,751,303,M. Johannes,4,57.53,3.9,7.6382234949532375
2025-07-30,751,612,H. Jones,6,56.75,4.1,10.394365143709381
2025-07-30,751,612,H. Jones,8,56.17,4.1,10.394365143709381
2025-07-30,751,612,H. Jones,9,56.1,4.1,10.394365143709381
2025-07-30,751,717,A. McDonald,10,55.49,3.1,13.118522681358685
2025-07-30,751,612,H. Jones,11,55.3,3.7,9.380280739445054
2025-07-30,751,612,H. Jones,12,55.17,3.9,9.887322941577217
2025-07-30,751,652,N. Hiedeman,15,54.54,3.3,6.330210654533312
2025-07-30,751,750,D. Bonner,17,54.36,3.4000000000000004,1.7769041814192346
2025-07-30,751,612,H. Jones,17,54.36,3.9,9.887322941577217
2025-07-30,751,612,H. Jones,18,54.19,4.1,10.394365143709381
2025-07-30,751,612,H. Jones,18,54.19,4.1,10.394365143709381
2025-07-30,751,612,H. Jones,18,54.19,4.1,10.394365143709381
2025-07-31,753,665,S. Sutton,1,46.97,3.5999999999999996,7.111837375087391
2025-07-31,753,665,S. Sutton,2,44.7,3.5999999999999996,7.111837375087391
2025-07-31,753,665,S. Sutton,3,44.54,3.5999999999999996,7.111837375087391
2025-07-31,753,665,S. Sutton,4,44.31,3.8,7.506939451481135
2025-07-31,753,665,S. Sutton,5,44.3,4.2,8.297143604268625
2025-07-31,753,665,S. Sutton,6,44.09,3.8,7.506939451481135
2025-07-31,753,665,S. Sutton,7,43.98,3.8,7.506939451481135
2025-07-31,753,665,S. Sutton,8,43.96,4.2,8.297143604268625
2025-07-31,753,665,S. Sutton,10,43.78,4,7.9020415278748795
2025-07-31,753,665,S. Sutton,11,43.76,3.8,7.506939451481135
2025-07-31,753,665,S. Sutton,12,43.67,4,7.9020415278748795
2025-07-31,753,665,S. Sutton,13,43.6,4.2,8.297143604268625
2025-07-31,753,665,S. Sutton,14,43.46,3.8,7.506939451481135
2025-07-31,753,665,S. Sutton,16,43.23,4.4,8.692245680662369
2025-07-31,753,665,S. Sutton,20,43.01,3.5999999999999996,7.111837375087391
2025-08-01,754,606,J. Canada,3,59.03,2.0999999999999996,7.2650671427784355
2025-08-01,754,4322755,T. Paopao,4,58.32,4.2,7.338374435070053
2025-08-01,754,671,S. Cunningham,5,58.05,3.5,6.809838556133962
2025-08-01,754,671,S. Cunningham,6,57.47,3.9,7.588105819692129
2025-08-01,754,671,S. Cunningham,6,57.47,3.9,7.588105819692129
2025-08-01,754,671,S. Cunningham,9,56.06,3.9,7.588105819692129
2025-08-01,754,611,T. Charles,10,55.72,2.5,6.13331164074464
2025-08-01,754,606,J. Canada,14,54.07,2.5,8.648889455688614
2025-08-01,754,612,H. Jones,16,53.64,3.9,3.753412029484565
2025-08-01,754,647,L. Fiebich,17,53.26,2.9,2.4224210939819497
2025-08-01,754,4322755,T. Paopao,18,53.1,4.8,8.38671364008006
2025-08-01,754,673,R. Allen,18,53.1,4,5.828792275078086
2025-08-01,754,671,S. Cunningham,19,53.09,3.6999999999999997,7.198972187913045
2025-08-01,754,611,T. Charles,20,52.78,2.7,6.623976572004213
2025-08-03,758,622,E. Wheeler,15,52.85,2.7,7.152061369438035
2025-08-05,761,717,A. McDonald,2,52.92,3,9.899928025834424
2025-08-05,761,336,L. Geiselsöder,2,52.92,3.2,8.270018413248774
2025-08-05,761,643,J. Jones,3,52.08,2.4,7.862121765031681
2025-08-05,761,717,A. McDonald,3,52.08,2.5999999999999996,8.579937622389833
2025-08-05,761,717,A. McDonald,5,50.19,3.2,10.55992322755672
2025-08-05,761,336,L. Geiselsöder,5,50.19,3.4000000000000004,8.786894564076823
2025-08-05,761,4322743,K. Iriafen,6,49.91,2.6,5.3397979482441835
2025-08-05,761,671,S. Cunningham,8,49.41,3.3,6.455356530877461
2025-08-05,761,717,A. McDonald,10,49.25,2.8,9.23993282411213
2025-08-05,761,767,A. Ogunbowale,10,49.25,2.0999999999999996,6.164839346116246
2025-08-05,761,269,E. Meesseman,12,48.87,3.4,8.172553697183584
2025-08-05,761,336,L. Geiselsöder,12,48.87,3.4000000000000004,8.786894564076823
2025-08-05,761,269,E. Meesseman,16,48.21,2.5999999999999996,6.249599886081564
2025-08-05,761,700,M. Onyenwere,19,47.7,4.4,7.571678147988107
2025-08-07,766,36,B. Hartley,4,54.86,3.5,9.963043718533566
2025-08-07,766,36,B. Hartley,7,54.04,3.5,9.963043718533566
2025-08-07,766,670,K. Copper,10,53.33,2.7,5.994986991732863
2025-08-07,766,36,B. Hartley,11,52.99,3.5,9.963043718533566
2025-08-07,766,36,B. Hartley,11,52.99,3.5,9.963043718533566
2025-08-07,766,36,B. Hartley,11,52.99,3.5,9.963043718533566
2025-08-07,766,36,B. Hartley,14,52.8,3.5,9.963043718533566
2025-08-07,766,36,B. Hartley,14,52.8,3.5,9.963043718533566
2025-08-07,766,611,T. Charles,16,52.53,2.7,10.07788697896104
2025-08-07,766,36,B. Hartley,20,51.68,3.5,9.963043718533566
2025-08-08,767,269,E. Meesseman,1,56.55,2.8,13.441441404277883
2025-08-08,767,269,E. Meesseman,2,55.68,2.5999999999999996,12.481338446829461
2025-08-08,767,269,E. Meesseman,3,55.52,2.8,13.441441404277883
2025-08-08,767,269,E. Meesseman,5,53.46,2.5999999999999996,12.481338446829461
2025-08-08,767,647,L. Fiebich,6,53.28,2.7,5.114116445426927
2025-08-08,767,269,E. Meesseman,8,52.7,3,14.401544361726305
2025-08-08,767,612,H. Jones,8,52.7,3.8,1.698638999498836
2025-08-08,767,269,E. Meesseman,10,52.55,2.8,13.441441404277883
2025-08-08,767,719,S. Talbot,11,52.36,4.1,1.9668519999999998
2025-08-08,767,269,E. Meesseman,12,52.18,3.2,15.361647319174725
2025-08-08,767,269,E. Meesseman,14,51.81,3,14.401544361726305
2025-08-08,767,269,E. Meesseman,15,51.79,2.5999999999999996,12.481338446829461
2025-08-08,767,269,E. Meesseman,15,51.79,2.5999999999999996,12.481338446829461
2025-08-08,767,269,E. Meesseman,18,51.59,3,14.401544361726305
2025-08-08,767,663,B. Carleton,18,51.59,3.0999999999999996,3.7661978628003827
2025-08-09,770,700,M. Onyenwere,6,46.22,4.2,4.894913870066691
2025-08-09,770,700,M. Onyenwere,6,46.22,4.2,4.894913870066691
2025-08-10,772,563,M. Caldwell,13,59.23,3.8,6.9881132472147005
2025-08-10,772,563,M. Caldwell,14,59.14,3.8,6.9881132472147005
2025-08-10,772,629,N. Smith,16,58.69,4,3.9344646681471485
2025-08-12,775,269,E. Meesseman,3,53.42,2.5,11.465076864489774
2025-08-12,775,269,E. Meesseman,8,52.98,2.3,10.54787071533059
2025-08-12,775,269,E. Meesseman,16,51.59,2.0999999999999996,9.630664566171408
2025-08-12,775,269,E. Meesseman,18,51.3,2.0999999999999996,9.630664566171408
2025-08-13,778,741,R. Banham,9,57.23,3.4,5.154166277034488
2025-08-13,778,604,K. Martin,10,57.01,4.2,6.137091557826841
2025-08-13,778,269,E. Meesseman,20,55.94,2.1,7.6475120876787726
2025-08-15,782,665,S. Sutton,8,58.59,3.8,10.399270210801523
2025-08-15,782,4322743,K. Iriafen,9,58.58,2.8,7.63059369883031
2025-08-15,782,563,M. Caldwell,10,57.78,3.6999999999999997,4.209800068696887
2025-08-15,782,563,M. Caldwell,10,57.78,3.6999999999999997,4.209800068696887
2025-08-15,782,563,M. Caldwell,10,57.78,3.6999999999999997,4.209800068696887
2025-08-15,782,741,R. Banham,13,56.97,3.4,6.778554511167752
2025-08-15,782,665,S. Sutton,13,56.97,3.5999999999999996,9.851940199706707
2025-08-15,782,366584,T. Hayes,14,56.53,3.1,7.675334284692636
2025-08-15,782,665,S. Sutton,17,55.76,3.8,10.399270210801523
2025-08-15,782,741,R. Banham,18,55.58,3.8,7.576031512481605
2025-08-17,786,563,M. Caldwell,1,64.33,3.6999999999999997,7.092330927338037
2025-08-17,786,687,E. Engstler,1,64.33,4.1,7.405654071820082
2025-08-17,786,563,M. Caldwell,2,59.92,3.9,7.475700166653607
2025-08-17,786,687,E. Engstler,2,59.92,4.3,7.766905489957647
2025-08-17,786,563,M. Caldwell,3,57.79,3.6999999999999997,7.092330927338037
2025-08-17,786,687,E. Engstler,3,57.79,4.1,7.405654071820082
2025-08-17,786,723,R. Jackson,4,56.91,2.4,7.499038573909894
2025-08-17,786,687,E. Engstler,4,56.91,4.1,7.405654071820082
2025-08-17,786,563,M. Caldwell,5,56.85,3.9,7.475700166653607
2025-08-17,786,687,E. Engstler,5,56.85,4.3,7.766905489957647
2025-08-17,786,563,M. Caldwell,6,56.52,3.6999999999999997,7.092330927338037
2025-08-17,786,687,E. Engstler,6,56.52,4.1,7.405654071820082
2025-08-17,786,563,M. Caldwell,6,56.52,3.6999999999999997,7.092330927338037
2025-08-17,786,687,E. Engstler,6,56.52,4.1,7.405654071820082
2025-08-17,786,563,M. Caldwell,6,56.52,3.6999999999999997,7.092330927338037
2025-08-17,786,687,E. Engstler,6,56.52,4.1,7.405654071820082
2025-08-17,786,563,M. Caldwell,6,56.52,3.6999999999999997,7.092330927338037
2025-08-17,786,687,E. Engstler,6,56.52,4.1,7.405654071820082
2025-08-17,786,563,M. Caldwell,6,56.52,3.6999999999999997,7.092330927338037
2025-08-17,786,687,E. Engstler,6,56.52,4.1,7.405654071820082
2025-08-17,786,563,M. Caldwell,6,56.52,3.6999999999999997,7.092330927338037
2025-08-17,786,687,E. Engstler,6,56.52,4.1,7.405654071820082
2025-08-17,786,563,M. Caldwell,6,56.52,3.6999999999999997,7.092330927338037
2025-08-17,786,687,E. Engstler,6,56.52,4.1,7.405654071820082
2025-08-17,786,563,M. Caldwell,6,56.52,3.6999999999999997,7.092330927338037
2025-08-17,786,687,E. Engstler,6,56.52,4.1,7.405654071820082
2025-08-17,786,563,M. Caldwell,6,56.52,3.6999999999999997,7.092330927338037
2025-08-17,786,687,E. Engstler,6,56.52,4.1,7.405654071820082
2025-08-17,786,563,M. Caldwell,6,56.52,3.6999999999999997,7.092330927338037
2025-08-17,786,687,E. Engstler,6,56.52,4.1,7.405654071820082
2025-08-17,786,563,M. Caldwell,6,56.52,3.6999999999999997,7.092330927338037
2025-08-17,786,687,E. Engstler,6,56.52,4.1,7.405654071820082
2025-08-17,786,563,M. Caldwell,6,56.52,3.6999999999999997,7.092330927338037
2025-08-17,786,687,E. Engstler,6,56.52,4.1,7.405654071820082
2025-08-17,786,563,M. Caldwell,6,56.52,3.6999999999999997,7.092330927338037
2025-08-17,786,687,E. Engstler,6,56.52,4.1,7.405654071820082
2025-08-17,786,563,M. Caldwell,6,56.52,3.6999999999999997,7.092330927338037
2025-08-17,786,687,E. Engstler,6,56.52,4.1,7.405654071820082
2025-08-17,786,563,M. Caldwell,6,56.52,3.6999999999999997,7.092330927338037
2025-08-17,786,687,E. Engstler,6,56.52,4.1,7.405654071820082
2025-08-19,791,687,E. Engstler,1,60.19,4.199999999999999,7.3099386717432155
2025-08-19,791,4322746,S. Rivers,10,54.64,3,7.460047183529921
2025-08-19,791,4322797,J. Salaün,13,54.24,2.8,6.408864224080511
2025-08-19,791,4322746,S. Rivers,14,54.11,2.8,6.962710704627926
2025-08-19,791,741,R. Banham,15,53.98,3.4,4.917443901246377
2025-08-20,794,621,G. Berger,1,61.27,5,17.762695555409977
2025-08-20,794,621,G. Berger,2,60.84,4.2,14.920664266544382
2025-08-20,794,621,G. Berger,3,60.62,4.2,14.920664266544382
2025-08-20,794,621,G. Berger,4,59.36,4.2,14.920664266544382
2025-08-20,794,621,G. Berger,5,58.89,4.2,14.920664266544382
2025-08-20,794,621,G. Berger,6,58.81,4.2,14.920664266544382
2025-08-20,794,621,G. Berger,7,58.69,4.8,17.052187733193577
2025-08-20,794,612,H. Jones,7,58.69,4.2,3.2348165760726832
2025-08-20,794,621,G. Berger,8,58.15,4.2,14.920664266544382
2025-08-20,794,621,G. Berger,9,57.72,4.2,14.920664266544382
2025-08-20,794,621,G. Berger,10,57.65,4.4,15.631172088760781
2025-08-20,794,612,H. Jones,11,56.68,4,3.0807776914977936
2025-08-20,794,621,G. Berger,11,56.68,4.2,14.920664266544382
2025-08-20,794,612,H. Jones,11,56.68,4,3.0807776914977936
2025-08-20,794,621,G. Berger,11,56.68,4.2,14.920664266544382
2025-08-20,794,621,G. Berger,13,56.39,4.2,14.920664266544382
2025-08-20,794,621,G. Berger,14,56.25,4.4,15.631172088760781
2025-08-20,794,621,G. Berger,15,56.22,4.2,14.920664266544382
2025-08-20,794,621,G. Berger,16,56.19,4.2,14.920664266544382
2025-08-20,794,612,H. Jones,17,55.7,4,3.0807776914977936
2025-08-20,794,621,G. Berger,17,55.7,4.2,14.920664266544382
2025-08-21,798,611,T. Charles,4,48.37,2,7.7429065178843395
2025-08-21,798,611,T. Charles,7,47.95,2.6,10.065778473249642
2025-08-21,798,611,T. Charles,10,47.48,2.4000000000000004,9.291487821461208
2025-08-21,798,4322745,A. Morrow,11,46.56,3.2,5.10126821040675
2025-08-21,798,736,S. Whitcomb,13,46.42,2.9,2.320258291319713
2025-08-21,798,611,T. Charles,15,46.03,2.4000000000000004,9.291487821461208
2025-08-21,798,647,L. Fiebich,15,46.03,2.5999999999999996,3.2381293751874547
2025-08-21,798,611,T. Charles,16,45.93,2.6,10.065778473249642
2025-08-21,798,736,S. Whitcomb,17,45.92,3.5,2.8003117309031023
2025-08-22,799,689,M. Hines-Allen,4,72.87,3.2,2.962678956830569
2025-08-22,799,736,S. Whitcomb,5,71.05,3.2,4.846625494761444
2025-08-22,799,689,M. Hines-Allen,7,69.81,3.2,2.962678956830569
2025-08-22,799,689,M. Hines-Allen,10,68.13,3.8,3.5181812612363
2025-08-22,799,366584,T. Hayes,16,65.04,2.5,2.388510031991935
2025-08-22,799,689,M. Hines-Allen,18,64.56,3.4,3.147846391632479
2025-08-22,799,736,S. Whitcomb,20,64.14,3.0999999999999996,4.695168448050148
2025-08-23,802,611,T. Charles,1,59.55,2.6,9.8346272945446
2025-08-23,802,687,E. Engstler,1,59.55,4,6.055951340857593
2025-08-23,802,36,B. Hartley,3,58.72,3.4,13.838667394061117
2025-08-23,802,611,T. Charles,4,57.96,2.6,9.8346272945446
2025-08-23,802,629,N. Smith,4,57.96,3.5,5.432067433886568
2025-08-23,802,36,B. Hartley,6,55.84,3.2,13.024628135586935
2025-08-23,802,629,N. Smith,7,55.67,3.5,5.432067433886568
2025-08-23,802,611,T. Charles,8,54.07,2.6,9.8346272945446
2025-08-23,802,36,B. Hartley,8,54.07,3.2,13.024628135586935
2025-08-23,802,611,T. Charles,9,53.94,2.4000000000000004,9.078117502656553
2025-08-23,802,36,B. Hartley,11,53.37,3.4,13.838667394061117
2025-08-23,802,629,N. Smith,13,53.16,3.5,5.432067433886568
2025-08-23,802,629,N. Smith,14,52.99,3.7,5.742471287251516
2025-08-23,802,665,S. Sutton,15,52.78,3.9,1.505369570243434
2025-08-23,802,744,L. Lacan,17,52.58,2.7,4.800575328689713
2025-08-23,802,611,T. Charles,20,52.39,2.2,8.321607710768507
2025-08-24,808,621,G. Berger,2,62.11,4.2,11.306211816785252
2025-08-24,808,612,H. Jones,2,62.11,4.199999999999999,12.273741812979846
2025-08-24,808,621,G. Berger,13,58.82,3.8,10.22942973899618
2025-08-24,808,622,E. Wheeler,15,58.69,2.4,2.9800573415204474
2025-08-24,808,628,T. Fágbénlé,18,58.21,3.0999999999999996,6.251262359299679
2025-08-27,815,612,H. Jones,1,62.23,4.6,13.779123011490725
2025-08-27,815,621,G. Berger,1,62.23,4.1,10.793606494617123
2025-08-27,815,621,G. Berger,2,60.29,3.6999999999999997,9.740571714654477
2025-08-27,815,612,H. Jones,3,59.66,4,11.981846096948457
2025-08-27,815,621,G. Berger,4,58.87,3.6999999999999997,9.740571714654477
2025-08-27,815,611,T. Charles,5,58.65,2.6,7.826987916276624
2025-08-27,815,612,H. Jones,7,57.5,4,11.981846096948457
2025-08-27,815,611,T. Charles,9,56.6,2.4000000000000004,7.224911922716885
2025-08-27,815,611,T. Charles,10,56.12,2.6,7.826987916276624
2025-08-27,815,612,H. Jones,11,55.93,4,11.981846096948457
2025-08-27,815,621,G. Berger,12,55.81,3.9,10.2670891046358
2025-08-27,815,621,G. Berger,14,55.47,4.3,11.320123884598447
2025-08-27,815,612,H. Jones,14,55.47,4.2,12.58093840179588
2025-08-27,815,621,G. Berger,16,55.28,3.5,9.214054324673153
2025-08-27,815,612,H. Jones,18,55.1,3.8,11.382753792101035
2025-08-27,815,611,T. Charles,19,55.1,2.8,8.429063909836364
2025-08-27,815,612,H. Jones,19,55.1,3.8,11.382753792101035
2025-08-27,815,698,D. Evans,20,54.97,3.9,4.078000585340196
2025-08-27,815,612,H. Jones,20,54.97,3.8,11.382753792101035
2025-08-28,818,269,E. Meesseman,4,51.14,1.9,7.84935785479798
2025-08-28,818,4322738,M. Akoa Makani,7,50.15,3.6,5.070261461691674
2025-08-28,818,665,S. Sutton,8,50.12,3.6999999999999997,0.5848840577565128
2025-08-28,818,269,E. Meesseman,10,49.99,2.7,11.154350635765553
2025-08-28,818,635,K. Burke,10,49.99,3.3,4.568588457063707
2025-08-28,818,652,N. Hiedeman,11,49.82,3.6,5.237645515791622
2025-08-28,818,8,M. Kliundikova,13,49.27,4,0.9088748
2025-08-28,818,729,J. Melbourne,15,49.02,4.6,-0.7023396750015559
2025-08-28,818,373,K. Westbeld,16,48.81,4.3,3.7286275812128027
2025-08-28,818,736,S. Whitcomb,17,48.79,2.9,3.9600419733999206
2025-08-28,818,652,N. Hiedeman,18,48.64,3.4,4.946665209358754
2025-08-28,818,741,R. Banham,19,48.61,3.9000000000000004,7.207969762993936
2025-08-28,818,736,S. Whitcomb,19,48.61,2.9,3.9600419733999206
2025-08-28,818,373,K. Westbeld,20,48.43,4.1,3.555203042551742
2025-08-29,819,621,G. Berger,1,63.84,3.5,8.03211233317343
2025-08-29,819,621,G. Berger,2,62.94,3.5,8.03211233317343
2025-08-29,819,621,G. Berger,9,60.95,3.5,8.03211233317343
2025-08-29,819,621,G. Berger,10,60.56,3.5,8.03211233317343
2025-08-29,819,621,G. Berger,11,60.51,3.7,8.491090180783342
2025-08-29,819,621,G. Berger,14,59.22,3.5,8.03211233317343
2025-08-29,819,621,G. Berger,17,58.78,3.5,8.03211233317343
2025-08-29,819,621,G. Berger,17,58.78,3.5,8.03211233317343
2025-08-29,819,621,G. Berger,20,57.77,4.1,9.40904587600316
2025-08-30,825,614,I. Rupert,1,49.35,3.3,6.898120655553241
2025-08-30,825,665,S. Sutton,4,47.57,3.5999999999999996,7.190399568469797
2025-08-30,825,614,I. Rupert,5,46.86,3.3,6.898120655553241
2025-08-30,825,614,I. Rupert,7,44.15,2.9,6.061984818516485
2025-08-30,825,614,I. Rupert,8,44.1,3.0999999999999996,6.480052737034862
2025-08-30,825,749,O. Nelson-Ododa,9,44.06,3.1,0
2025-08-30,825,614,I. Rupert,10,43.99,2.9,6.061984818516485
2025-08-30,825,670,K. Copper,11,43.71,2.4,6.283735543258228
2025-08-30,825,670,K. Copper,12,43.1,2.4,6.283735543258228
2025-08-30,825,614,I. Rupert,13,42.67,3.0999999999999996,6.480052737034862
2025-08-30,825,269,E. Meesseman,14,42.38,2.2,7.779245468832514
2025-08-30,825,614,I. Rupert,15,42.13,3.5,7.316188574071619
2025-08-30,825,611,T. Charles,16,42.01,2.2,6.199726132092203
2025-08-30,825,614,I. Rupert,17,41.65,3.0999999999999996,6.480052737034862
2025-08-30,825,670,K. Copper,18,41.64,2.4,6.283735543258228
2025-08-30,825,670,K. Copper,20,41.41,2.6,6.80738017186308
2025-08-31,827,613,A. Powers,1,48.52,4.2,11.390837335094998
2025-08-31,827,613,A. Powers,2,46.91,4.2,11.390837335094998
2025-08-31,827,613,A. Powers,3,45.63,4.6,12.475678986056424
2025-08-31,827,613,A. Powers,5,43.3,5,13.560520637017854
2025-08-31,827,613,A. Powers,12,42.21,4.4,11.933258160575713
2025-08-31,827,613,A. Powers,17,41.32,4.6,12.475678986056424
2025-08-31,827,665,S. Sutton,18,41.18,3.5999999999999996,3.404238770634602
2025-09-01,830,611,T. Charles,15,52.35,2.6,8.229361774987748
2025-09-01,830,653,J. Shepard,17,51.98,3,5.758091274004792
2025-09-01,830,611,T. Charles,19,51.75,2.2,6.963306117297325
2025-09-04,838,612,H. Jones,1,64.37,3.9,20.887756296990894
2025-09-04,838,629,N. Smith,2,61.43,3.7,6.1827155445595965
2025-09-04,838,612,H. Jones,2,61.43,3.7,19.81658930740162
2025-09-04,838,621,G. Berger,3,60.39,3.6,6.266224872970896
2025-09-04,838,612,H. Jones,3,60.39,3.9,20.887756296990894
2025-09-04,838,612,H. Jones,4,58.43,4.1,21.95892328658017
2025-09-04,838,612,H. Jones,9,54.98,3.9,20.887756296990894
2025-09-04,838,612,H. Jones,10,54.61,3.7,19.81658930740162
2025-09-04,838,629,N. Smith,14,54.13,3.5,5.848514704313132
2025-09-04,838,4322751,A. Nye,17,53.94,4.2,5.8191635373347514
2025-09-05,840,613,A. Powers,1,60.41,4.2,9.302071049641366
2025-09-05,840,613,A. Powers,2,59.04,4.2,9.302071049641366
2025-09-05,840,613,A. Powers,3,58.16,4.4,9.745026813910004
2025-09-05,840,4322754,M. Westbeld,6,56.92,4.2,5.260864828171691
2025-09-05,840,606,J. Canada,7,56.88,2.4,6.697172662684114
2025-09-05,840,606,J. Canada,10,56.72,2.4,6.697172662684114
2025-09-05,840,613,A. Powers,12,56.46,4.2,9.302071049641366
2025-09-05,840,613,A. Powers,16,55.16,4.2,9.302071049641366
2025-09-06,845,611,T. Charles,4,54.29,2.8,11.6429638107814
2025-09-06,845,611,T. Charles,5,54.03,2.2,9.148042994185387
2025-09-06,845,611,T. Charles,6,53.91,2.6,10.811323538582728
2025-09-06,845,611,T. Charles,19,52.6,2.8,11.6429638107814
2025-09-07,848,613,A. Powers,1,71.13,4.1,16.524686384452625
2025-09-07,848,621,G. Berger,1,71.13,3.2,6.579885277155814
2025-09-07,848,613,A. Powers,2,68.11,3.9000000000000004,15.718604121796401
2025-09-07,848,613,A. Powers,3,65.59,4.300000000000001,17.330768647108854
2025-09-07,848,687,E. Engstler,3,65.59,4.4,6.58614518907899
2025-09-07,848,612,H. Jones,3,65.59,3.3,4.3027047950667745
2025-09-07,848,698,D. Evans,7,62.66,3.7,4.5256510701970285
2025-09-07,848,698,D. Evans,9,62.1,4.1,5.0149106453534635
2025-09-07,848,613,A. Powers,9,62.1,4.1,16.524686384452625
2025-09-07,848,4322761,L. Olsen,9,62.1,4.2,3.1913634066595087
2025-09-07,848,612,H. Jones,10,61.83,3.7,4.824244770226384
2025-09-07,848,621,G. Berger,10,61.83,3.4,6.991128106978051
2025-09-07,848,612,H. Jones,12,61.43,3.3,4.3027047950667745
2025-09-07,848,612,H. Jones,13,61.28,3.3,4.3027047950667745
2025-09-07,848,631,L. Hull,15,60.79,3.4000000000000004,5.402537984183634
2025-09-07,848,698,D. Evans,15,60.79,3.7,4.5256510701970285
2025-09-08,852,611,T. Charles,18,43.13,2,3.3221506503334766
2025-09-09,854,713,J. Allemand,2,52.38,3,6.97852052949241
2025-09-09,854,712,M. Billings,3,52.21,3.4,4.969936096061985
2025-09-09,854,4322742,D. Malonga,4,51.49,3.0999999999999996,6.8573095682475085
2025-09-09,854,614,I. Rupert,5,51.38,3,4.932798631171311
2025-09-09,854,4322742,D. Malonga,7,49.52,2.9,6.414902499328314
2025-09-09,854,766,S. Uzun,8,49.3,4.2,2.9719729174769016
2025-09-09,854,713,J. Allemand,9,49.25,3,6.97852052949241
2025-09-09,854,760,N. Howard,10,49.13,2.6,5.480895409342622
2025-09-09,854,172,O. Sims,10,49.13,2.7,4.867857016531498
2025-09-09,854,766,S. Uzun,11,48.61,4.2,2.9719729174769016
2025-09-09,854,760,N. Howard,15,47.53,2.6,5.480895409342622
2025-09-09,854,668,N. Mack,16,47.31,3.1,1.6846768047445078
2025-09-09,854,4322742,D. Malonga,19,46.86,3.0999999999999996,6.8573095682475085
2025-09-09,854,604,K. Martin,20,46.84,4.1,1.8449999999999998
2025-09-10,855,704,L. Allen,5,46.41,4.4,5.8090125593658355
2025-09-10,855,704,L. Allen,6,46.28,4.2,5.544966533940115
2025-09-10,855,704,L. Allen,9,45.95,4.4,5.8090125593658355
2025-09-10,855,611,T. Charles,13,45.03,2,2.4156890996619804
2025-09-10,855,704,L. Allen,19,44.35,4.2,5.544966533940115
2025-09-11,858,399,K. Charles,1,65.29,3.6999999999999997,5.060830654495428
2025-09-11,858,763,K. Brown,2,62.02,4.6,7.989660681324538
2025-09-11,858,673,R. Allen,2,62.02,4.2,6.832458389964944
2025-09-11,858,612,H. Jones,5,60.43,3.7,6.021311862418645
2025-09-11,858,399,K. Charles,5,60.43,3.6999999999999997,5.060830654495428
2025-09-11,858,399,K. Charles,15,58.43,3.6999999999999997,5.060830654495428
2025-09-11,858,612,H. Jones,20,57.26,3.7,6.021311862418645
2025-09-11,858,399,K. Charles,20,57.26,3.6999999999999997,5.060830654495428
2025-09-14,868,4322738,M. Akoa Makani,5,51.08,4,4.858901154299921
2025-09-18,881,698,D. Evans,4,44.46,3.5999999999999996,2.1679654700316893
2025-09-21,890,4322738,M. Akoa Makani,11,41.34,3.4,2.648685370799402
2025-09-30,913,263,S. Peddy,8,54.73,4.2,9.637952316772997
2026-05-10,1767,4322749,H. Van Lith,15,64.43,4,8.016877930639959
2026-05-12,1774,638,B. Laney-Hamilton,18,63.06,3.8,5.539866742616541
2026-05-12,1774,638,B. Laney-Hamilton,18,63.06,3.8,5.539866742616541
2026-05-13,1777,689,M. Hines-Allen,5,52.51,4.2,5.24090077650616
2026-05-13,1777,4322749,H. Van Lith,11,50.95,3.4000000000000004,4.093701758187038
2026-05-14,1784,612,H. Jones,3,60.18,4.2,7.373607356875881
2026-05-15,1787,689,M. Hines-Allen,14,67.95,4.2,8.455103482074607
2026-05-17,1797,685,S. Dolson,1,57.85,3.9000000000000004,6.291280512411345
2026-05-17,1797,726,J. Loyd,3,54.51,4.1,6.150656108363447
2026-05-17,1797,726,J. Loyd,5,53.39,4.1,6.150656108363447
2026-05-17,1797,4322756,M. Timpson,9,52.57,4.2,5.6064399639828375
2026-05-17,1797,622,E. Wheeler,12,52.13,4,6.489574330353597
2026-05-17,1797,622,E. Wheeler,16,51.95,4,6.489574330353597
2026-05-17,1797,622,E. Wheeler,18,51.87,4,6.489574330353597
2026-05-17,1797,622,E. Wheeler,18,51.87,4,6.489574330353597
2026-05-17,1797,622,E. Wheeler,18,51.87,4,6.489574330353597
2026-05-18,1798,665,S. Sutton,4,52.11,2.9000000000000004,6.850272290404771
2026-05-18,1798,665,S. Sutton,11,50.06,2.9000000000000004,6.850272290404771
2026-05-18,1798,665,S. Sutton,14,49.68,2.7,6.377839718652718
2026-05-18,1798,665,S. Sutton,16,49.3,2.3,5.43297457514861
2026-05-18,1798,665,S. Sutton,18,48.86,2.9000000000000004,6.850272290404771
2026-05-20,1810,685,S. Dolson,6,56.02,3.5,4.060447167174639
2026-05-20,1810,4322868,G. Kneepkens,8,55.61,4.6,1.4175006739166665
2026-05-20,1810,710,L. Brown,8,55.61,2.5,4.256613275609148
2026-05-20,1810,4322862,R. Johnson,9,55.5,4.2,4.08039669105209
2026-05-20,1810,4322868,G. Kneepkens,10,55.39,4.4,1.3558702098333333
2026-05-20,1810,685,S. Dolson,11,55.34,3.5,4.060447167174639
2026-05-20,1810,172,O. Sims,13,55.0,3.4000000000000004,4.534695469277045
2026-05-20,1810,709,Z. Cooke,14,54.88,3.6,2.704789515465857
2026-05-20,1810,671,S. Cunningham,18,54.16,2.8,1.8680994958696187
2026-05-21,1814,4322753,A. Kosu,2,53.46,4.2,5.750613927788139
2026-05-21,1814,4322753,A. Kosu,3,53.3,4.6,6.298291444720342
2026-05-21,1814,553,H. Xu,3,53.3,4.2,2.3743113690151816
2026-05-21,1814,4322753,A. Kosu,3,53.3,4.6,6.298291444720342
2026-05-21,1814,553,H. Xu,3,53.3,4.2,2.3743113690151816
2026-05-21,1814,4322753,A. Kosu,3,53.3,4.6,6.298291444720342
2026-05-21,1814,553,H. Xu,3,53.3,4.2,2.3743113690151816
2026-05-21,1814,4322753,A. Kosu,3,53.3,4.6,6.298291444720342
2026-05-21,1814,553,H. Xu,3,53.3,4.2,2.3743113690151816
2026-05-21,1814,4322753,A. Kosu,3,53.3,4.6,6.298291444720342
2026-05-21,1814,553,H. Xu,3,53.3,4.2,2.3743113690151816
2026-05-21,1814,4322753,A. Kosu,3,53.3,4.6,6.298291444720342
2026-05-21,1814,553,H. Xu,3,53.3,4.2,2.3743113690151816
2026-05-21,1814,4322753,A. Kosu,3,53.3,4.6,6.298291444720342
2026-05-21,1814,553,H. Xu,3,53.3,4.2,2.3743113690151816
2026-05-21,1814,4322753,A. Kosu,10,51.24,4.6,6.298291444720342
2026-05-21,1814,449,R. Gardner,11,47.85,2.4,4.14103187500027
2026-05-21,1814,609,N. Coffey,15,47.4,2.9000000000000004,5.67286815253656
2026-05-22,1816,4322755,T. Paopao,4,51.48,3.7,4.788495309023116
2026-05-22,1816,617,N. Hillmon,6,48.61,3.8,2.110714679013629
2026-05-22,1816,617,N. Hillmon,7,48.34,3.4,1.8885341864858787
2026-05-22,1816,617,N. Hillmon,7,48.34,3.4,1.8885341864858787
2026-05-22,1816,617,N. Hillmon,7,48.34,3.4,1.8885341864858787
2026-05-22,1816,617,N. Hillmon,7,48.34,3.4,1.8885341864858787
2026-05-22,1816,617,N. Hillmon,7,48.34,3.4,1.8885341864858787
2026-05-22,1816,617,N. Hillmon,7,48.34,3.4,1.8885341864858787
2026-05-22,1816,617,N. Hillmon,7,48.34,3.4,1.8885341864858787
2026-05-22,1816,617,N. Hillmon,7,48.34,3.4,1.8885341864858787
2026-05-22,1816,617,N. Hillmon,7,48.34,3.4,1.8885341864858787
2026-05-22,1816,617,N. Hillmon,7,48.34,3.4,1.8885341864858787
2026-05-22,1816,617,N. Hillmon,7,48.34,3.4,1.8885341864858787
2026-05-22,1816,617,N. Hillmon,7,48.34,3.4,1.8885341864858787
2026-05-22,1816,617,N. Hillmon,7,48.34,3.4,1.8885341864858787
2026-05-22,1816,617,N. Hillmon,7,48.34,3.4,1.8885341864858787
2026-05-29,1847,4322755,T. Paopao,1,49.45,4.1,2.3808150913491866
2026-05-29,1847,4322743,K. Iriafen,8,47.03,1.7,4.307602374461233
2026-05-29,1847,711,A. Stevens,9,46.83,4.9,3.399588249115034
2026-05-29,1847,4322743,K. Iriafen,14,44.95,2.1,5.3211558743344645
2026-05-29,1847,677,N. Cloud,15,44.84,3.1,4.639944196499278
2026-05-29,1847,4322744,G. Amoore,20,44.08,4.1,0.14309239172113114
2026-05-30,1854,4322746,S. Rivers,7,60.66,3.9,6.48787848316953
2026-05-30,1854,4322746,S. Rivers,7,60.66,3.9,6.48787848316953
2026-05-30,1854,4322746,S. Rivers,12,59.71,4.5,7.4860136344263815
2026-05-30,1854,4322872,C. Leger-Walker,15,58.95,4.1,4.06623237555658
2026-06-01,1858,456,L. Held,9,47.31,4.6,2.226720691398971
2026-06-02,1861,366584,T. Hayes,5,51.79,3.6,4.375468221424513
2026-06-02,1861,4322793,K. Chen,16,50.72,3.8,6.570918654211716
2026-06-05,1871,622,E. Wheeler,10,63.94,2.5999999999999996,4.268542431693406
2026-06-06,1872,399,K. Charles,13,47.51,3.4000000000000004,5.195648245707099
